id,title,description,websiteImageUrl,daysInAdvanceBooking,minGroup,maxGroup,subjectiveValue,boostValue,impliedValue,impliedPercentageValue,offerTypeId,merchantLocationId,mealTypeId,offerStartTime,offerEndTime,moreInfo,Offer Type,Meal Type,Cuisine Type 1,Cuisine Type 2,Cuisine Type 3,Cuisine Type 4,Cuisine Type 5,Landmark,Invalid Date 1,Invalid Date 2,Invalid Date 3,Invalid Date 4,Invalid Date 5,Invalid Date 6,Invalid Date 7,Invalid Date 8,Invalid Date 9,Invalid Date 10,Invalid Date 11,Invalid Date 12,Invalid Date 13,Invalid Date 14,Invalid Date 15,Invalid Date 16,Invalid Date 17,Invalid Date 18,Invalid Date 19,Invalid Date 20,Invalid Date 21,Invalid Date 22,Invalid Date 23,Invalid Date 24,Invalid Date 25,Invalid Date 26,Invalid Date 27,Invalid Date 28,Invalid Date 29,Invalid Date 30,Invalid Date 31,Invalid Date 32,Invalid Date 33,Invalid Date 34,Invalid Date 35,Invalid Date 36,Invalid Date 37,Invalid Date 38,Invalid Date 39,Invalid Date 40,Invalid Date 41,Monday,Tuesday,Wednesday,Thursday,Friday,Saturday,Sunday,Time range start time,Time range end time,Public Holiday Exclusion - Yes or No in the T&C's
1,"10% off upon spending HK$1,000 with all cards (Monday to Sunday) - Lunch bill","10% off upon spending HK$1,000 with all cards - Lunch bill",https://scontent-hkg3-2.xx.fbcdn.net/v/t1.0-9/22789078_1912178288799811_119647495230903337_n.jpg?oh=cd9b093307fd9013ef108cd8b89e93c6&oe=5AA580C4,0,0,0,39,0,1,1,1,1,,2018/1/1,1931/12/18,You will need to pay with a HSBC card :-). More details http://bit.ly/2Dg27Mu,Percentage off general,Lunch,Western,,,,,Central,,,,,,,,,,,,,,,,,,,,,,,,,,,,,,,,,,,,,,,,,,,,,,,,,11:00,15:00,No
2,"10% off upon spending HK$1,000 with all cards - Dinner bill","10% off upon spending HK$1,000 with all cards - Dinner bill",https://scontent-hkg3-2.xx.fbcdn.net/v/t1.0-9/22789078_1912178288799811_119647495230903337_n.jpg?oh=cd9b093307fd9013ef108cd8b89e93c6&oe=5AA580C4,0,0,0,39,0,1,1,1,1,,2018/1/1,1931/12/18,You will need to pay with a HSBC card :-). More details http://bit.ly/2Dg27Mu,Percentage off general,Dinner,Western,,,,,Central,,,,,,,,,,,,,,,,,,,,,,,,,,,,,,,,,,,,,,,,,,,,,,,,,18:00,21:00,No
3,10% off upon spending HK$300 with all cards for takeaway and dine-in consumption - Lunch bill,10% off HK$300 spending with all cards for takeaway and dine-in - Lunch bill,https://scontent-hkg3-2.xx.fbcdn.net/v/t1.0-9/22687792_1133412356793664_4941452274893548131_n.jpg?oh=25d38c2357eaa5320ee8115c3f0ef0bf&oe=5A6D3488,0,0,0,44,0,1,1,1,2,,2018/1/1,1931/12/18,You will need to pay with a HSBC card :-),Percentage off general,Lunch,Asian,Japanese,,,,Causeway Bay,,,,,,,,,,,,,,,,,,,,,,,,,,,,,,,,,,,,,,,,,,,,,,,,,11:00,15:00,No
4,10% off upon spending HK$300 with all cards for takeaway and dine-in consumption - Dinner bill,10% off HK$300 spending with all cards for takeaway and dine-in - Dinner bill,https://scontent-hkg3-2.xx.fbcdn.net/v/t1.0-9/22687792_1133412356793664_4941452274893548131_n.jpg?oh=25d38c2357eaa5320ee8115c3f0ef0bf&oe=5A6D3488,0,0,0,44,0,1,1,1,2,,2018/1/1,1931/12/18,You will need to pay with a HSBC card :-),Percentage off general,Dinner,Asian,Japanese,,,,Causeway Bay,,,,,,,,,,,,,,,,,,,,,,,,,,,,,,,,,,,,,,,,,,,,,,,,,18:00,21:00,No
5,20% off a la carte food with all cards - Lunch bill,20% off a la carte food with all cards - Lunch bill,http://www.rangmahal.com.hk/assets/images/img-6023-1328x747-93.jpg,0,0,0,90,0,1,1,3,3,,2018/1/1,1931/12/18,You will need to pay with a HSBC card :-).,Percentage off a la carte,Lunch,Indian,Asian,,,,Central,,,,,,,,,,,,,,,,,,,,,,,,,,,,,,,,,,,,,,,,,,,,,,,,,10:30,15:00,No
6,20% off a la carte food with all cards - Dinner bill,20% off a la carte food with all cards - Dinner bill,http://www.rangmahal.com.hk/assets/images/img-6023-1328x747-93.jpg,0,0,0,90,0,1,1,3,3,,2018/1/1,1931/12/18,You will need to pay with a HSBC card :-).,Percentage off a la carte,Dinner,Indian,Asian,,,,Central,,,,,,,,,,,,,,,,,,,,,,,,,,,,,,,,,,,,,,,,,,,,,,,,,18:00,21:00,No
7,12% off ,12% off with all cards - Lunch bill,https://scontent-sea1-1.cdninstagram.com/t51.2885-15/s480x480/e35/18252289_1737750409573651_7152169645141655552_n.jpg,0,0,0,58,0,1,1,1,4,,2018/1/1,1931/12/18,You will need to pay with a HSBC card :-).,Percentage off general ,Lunch,Western,Italian,,,,Tai Kok Tsui,,,,,,,,,,,,,,,,,,,,,,,,,,,,,,,,,,,,,,,,,,,,,,,,,11:00,15:00,No
8,12% off ,12% off with all cards - Afternoon Tea bill,https://scontent-sea1-1.cdninstagram.com/t51.2885-15/s480x480/e35/18252289_1737750409573651_7152169645141655552_n.jpg,0,0,0,58,0,1,1,1,4,,2018/1/1,1931/12/18,You will need to pay with a HSBC card :-).,Percentage off general ,Afternoon Tea,Western,Italian,,,,Tai Kok Tsui,,,,,,,,,,,,,,,,,,,,,,,,,,,,,,,,,,,,,,,,,,,,,,,,,14:00,18:00,No
9,12% off ,12% off with all cards - Dinner bill,https://scontent-sea1-1.cdninstagram.com/t51.2885-15/s480x480/e35/18252289_1737750409573651_7152169645141655552_n.jpg,0,0,0,58,0,1,1,1,4,,2018/1/1,1931/12/18,You will need to pay with a HSBC card :-).,Percentage off general ,Dinner,Western,Italian,,,,Tai Kok Tsui,,,,,,,,,,,,,,,,,,,,,,,,,,,,,,,,,,,,,,,,,,,,,,,,,18:00,21:00,No
10,10% off with all cards- Lunch bill,10% off with all cards- Lunch bill,http://www.homeandaway.hsbc.com/1/PA_ES_Content_Mgmt/content/HNA2/local/hk/offer/images/all/2017/YRO/batch4/40038.jpg,0,0,0,45,0,1,1,1,5,,2018/1/1,1931/12/18,You will need to pay with a HSBC card :-),Percentage off general,Lunch,Asian,Chinese,,,,Causeway Bay,,,,,,,,,,,,,,,,,,,,,,,,,,,,,,,,,,,,,,,,,,,,,,,,,11:00,16:00,No
11,10% off with all cards- Dinner bill,10% off with all cards- Dinner bill,http://www.homeandaway.hsbc.com/1/PA_ES_Content_Mgmt/content/HNA2/local/hk/offer/images/all/2017/YRO/batch4/40038.jpg,0,0,0,45,0,1,1,1,5,,2018/1/1,1931/12/18,You will need to pay with a HSBC card :-),Percentage off general,Dinner,Asian,Chinese,,,,Causeway Bay,,,,,,,,,,,,,,,,,,,,,,,,,,,,,,,,,,,,,,,,,,,,,,,,,18:00,21:00,No
12,10% off Tsukiji 2-diner set with all cards - Dinner bill,10% off Tsukiji 2-diner set with all cards - Dinner bill,https://www.redhotoffers.hsbc.com.hk/media/2326249/50064.jpg,0,0,0,39.5,0,1,1,1,6,,2018/1/1,1931/12/18,You will need to pay with a HSBC card :-).,Percentage off general,Dinner,Asian,Japanese,,,,Central,,,,,,,,,,,,,,,,,,,,,,,,,,,,,,,,,,,,,,,,,,,,,,,,,18:00,21:00,No
13,"10% off a la carte lunch with a Platinum, Advance or Premier card - Lunch bill","10% off a la carte lunch with a Platinum, Advance or Premier card - Lunch bill",https://www.dragon-i.com.my/images/logo.png,0,0,0,50,0,1,1,3,7,,2018/1/1,1931/12/18,"You will need to pay with a Platinum, Advance or Premier HSBC card :-)",Percentage off a la carte,Lunch,Asian,Western,Chinese,Japanese,Korean,Central,,,,,,,,,,,,,,,,,,,,,,,,,,,,,,,,,,,,,,,,,,,,,,,,,11:00,15:00,No
14,"10% off a la carte dinner with a Platinum, Advance or Premier card - Dinner bill","10% off a la carte with a Platinum, Advance or Premier card - Dinner bill",https://www.dragon-i.com.my/images/logo.png,0,0,0,50,0,1,1,3,7,,2018/1/1,1931/12/18,"You will need to pay with a Platinum, Advance or Premier HSBC card :-)",Percentage off a la carte,Dinner,Asian,Western,Chinese,Japanese,Korean,Central,,,,,,,,,,,,,,,,,,,,,,,,,,,,,,,,,,,,,,,,,,,,,,,,,18:00,21:00,No
15,10% off upon net spending of HK$200 with all cards- Lunch bill (Monday to Friday),10% off upon net spending of HK$200 with all cards- Lunch bill ,https://www.redhotoffers.hsbc.com.hk/media/2779380/130005.jpg,0,0,0,47,0,1,1,1,8,,2018/1/1,1931/12/18,You will need to pay with a HSBC card :-),Percentage off general,Lunch,Asian,Chinese,,,,Causeway Bay,,,,,,,,,,,,,,,,,,,,,,,,,,,,,,,,,,,,,,,,,,,,,,,N,N,11:00,15:00,No
16,10% off upon net spending of HK$200 with all cards - Dinner bill (Monday to Friday),10% off upon net spending of HK$200 with all cards - Dinner bill,https://www.redhotoffers.hsbc.com.hk/media/2779380/130005.jpg,0,0,0,47,0,1,1,1,8,,2018/1/1,1931/12/18,You will need to pay with a HSBC card :-),Percentage off general,Dinner,Asian,Chinese,,,,Causeway Bay,,,,,,,,,,,,,,,,,,,,,,,,,,,,,,,,,,,,,,,,,,,,,,,N,N,18:00,21:00,No
17,10% off with all cards (also applicable on Sundays) - Lunch bill,10% off with all cards - Lunch bill,"https://photos.mandarinoriental.com/is/image/MandarinOriental/excelsior-restaurant-yee-tung-heen-dining-room?wid=1080&hei=720&fmt=jpeg&qlt=75,0&op_sharpen=0&resMode=sharp2&op_usm=0.8,0.8,5,0&iccEmbed=0&printRes=72&fit=crop",0,0,0,50,0,1,1,1,9,,2018/1/1,1931/12/18,You will need to pay with a HSBC card :-). More details http://bit.ly/2mCigRh,Percentage off general,Lunch,Asian,Chinese,Guangdong,,,Causeway Bay,2014/2/18,2016/2/18,2017/2/18,2018/12/5,2013/5/18,2016/6/18,2017/6/18,2022/12/18,2024/12/18,2025/12/18,1931/12/18,,,,,,,,,,,,,,,,,,,,,,,,,,,,,,,,,,,,,,11:00,15:00,Yes
18,10% off with all cards (also applicable on Sundays) - Dinner bill,10% off with all cards - Dinner bill,"https://photos.mandarinoriental.com/is/image/MandarinOriental/excelsior-restaurant-yee-tung-heen-dining-room?wid=1080&hei=720&fmt=jpeg&qlt=75,0&op_sharpen=0&resMode=sharp2&op_usm=0.8,0.8,5,0&iccEmbed=0&printRes=72&fit=crop",0,0,0,50,0,1,1,1,9,,2018/1/1,1931/12/18,You will need to pay with a HSBC card :-). More details http://bit.ly/2mCigRh,Percentage off general,Dinner,Asian,Chinese,Guangdong,,,Causeway Bay,2014/2/18,2016/2/18,2017/2/18,2018/12/5,2013/5/18,2016/6/18,2017/6/18,2022/12/18,2024/12/18,2025/12/18,1931/12/18,,,,,,,,,,,,,,,,,,,,,,,,,,,,,,,,,,,,,,18:00,21:00,Yes
19,"20% off (Sunday to Thursday) with a Platinum, Advance or Premier card - Lunch bill","20% off with a Platinum, Advance or Premier card - Lunch bill","https://photos.mandarinoriental.com/is/image/MandarinOriental/excelsior-restaurant-yee-tung-heen-pumpkin?wid=1080&hei=720&fmt=jpeg&qlt=75,0&op_sharpen=0&resMode=sharp2&op_usm=0.8,0.8,5,0&iccEmbed=0&printRes=72&fit=crop",0,0,0,85,0,1,1,1,9,,2018/1/1,1931/12/18,You will need to pay with a HSBC card :-). More details http://bit.ly/2mCigRh,Percentage off general,Lunch,Asian,Chinese,Guangdong,,,Causeway Bay,2014/2/18,2016/2/18,2017/2/18,2018/12/5,2013/5/18,2016/6/18,2017/6/18,2022/12/18,2024/12/18,2025/12/18,1931/12/18,,,,,,,,,,,,,,,,,,,,,,,,,,,,,,,,,,,N,N,,11:00,15:00,Yes
20,"20% off (Sunday to Thursday) with a Platinum, Advance or Premier card - Dinner bill","20% off  with a Platinum, Advance or Premier card - Dinner bill","https://photos.mandarinoriental.com/is/image/MandarinOriental/excelsior-restaurant-yee-tung-heen-pumpkin?wid=1080&hei=720&fmt=jpeg&qlt=75,0&op_sharpen=0&resMode=sharp2&op_usm=0.8,0.8,5,0&iccEmbed=0&printRes=72&fit=crop",0,0,0,85,0,1,1,1,9,,2018/1/1,1931/12/18,You will need to pay with a HSBC card :-). More details http://bit.ly/2mCigRh,Percentage off general,Dinner,Asian,Chinese,Guangdong,,,Causeway Bay,2014/2/18,2016/2/18,2017/2/18,2018/12/5,2013/5/18,2016/6/18,2017/6/18,2022/12/18,2024/12/18,2025/12/18,1931/12/18,,,,,,,,,,,,,,,,,,,,,,,,,,,,,,,,,,,N,N,,17:00,21:00,Yes
21,"15% off (Saturday to Friday) with a Platinum, Advance or Premier card - Lunch bill","15% off (Saturday to Friday) with Platinum, Advance, Premier card - Lunch bill","https://photos.mandarinoriental.com/is/image/MandarinOriental/excelsior-restaurant-yee-tung-heen-pumpkin?wid=1080&hei=720&fmt=jpeg&qlt=75,0&op_sharpen=0&resMode=sharp2&op_usm=0.8,0.8,5,0&iccEmbed=0&printRes=72&fit=crop",0,0,0,85,0,1,1,1,9,,2018/1/1,1931/12/18,You will need to pay with a HSBC card :-). More details http://bit.ly/2mCigRh,Percentage off general,Lunch,Asian,Chinese,Guangdong,,,Causeway Bay,2014/2/18,2016/2/18,2017/2/18,2018/12/5,2013/5/18,2016/6/18,2017/6/18,2022/12/18,2024/12/18,2025/12/18,1931/12/18,,,,,,,,,,,,,,,,,,,,,,,,,,,,,,,N,N,N,N,,N,N,11:00,15:00,Yes
22,"15% off (Saturday to Friday) with a Platinum, Advance or Premier card - Dinner bill","15% off (Saturday to Friday) with Platinum, Advance, Premier card - Dinner bill","https://photos.mandarinoriental.com/is/image/MandarinOriental/excelsior-restaurant-yee-tung-heen-pumpkin?wid=1080&hei=720&fmt=jpeg&qlt=75,0&op_sharpen=0&resMode=sharp2&op_usm=0.8,0.8,5,0&iccEmbed=0&printRes=72&fit=crop",0,0,0,85,0,1,1,1,9,,2018/1/1,1931/12/18,You will need to pay with a HSBC card :-). More details http://bit.ly/2mCigRh,Percentage off general,Dinner,Asian,Chinese,Guangdong,,,Causeway Bay,2014/2/18,2016/2/18,2017/2/18,2018/12/5,2013/5/18,2016/6/18,2017/6/18,2022/12/18,2024/12/18,2025/12/18,1931/12/18,,,,,,,,,,,,,,,,,,,,,,,,,,,,,,,N,N,N,N,,N,N,18:00,21:00,Yes
23,10% off with all cards - Lunch bill,10% off with all cards - Lunch bill,"https://photos.mandarinoriental.com/is/image/MandarinOriental/excelsior-restaurant-dickens-bar?wid=2880&hei=1032&fmt=jpeg&crop=15,204,1541,642&qlt=75,0&op_sharpen=0&resMode=sharp2&op_usm=0,0,0,0&iccEmbed=0&printRes=72&fit=wrap",0,0,0,45,0,1,1,1,10,,2018/1/1,1931/12/18,You will need to pay with a HSBC card :-). More details http://bit.ly/2mvkZ2m,Percentage off general,Lunch,Western,,,,,Causeway Bay,2014/2/18,2016/2/18,2017/2/18,2018/12/5,2013/5/18,2016/6/18,2017/6/18,2022/12/18,2024/12/18,2025/12/18,1931/12/18,,,,,,,,,,,,,,,,,,,,,,,,,,,,,,,,,,,,,,11:00,15:59,Yes
24,10% off with all cards - Dinner bill,10% off with all cards - Dinner bill,"https://photos.mandarinoriental.com/is/image/MandarinOriental/excelsior-restaurant-dickens-bar?wid=2880&hei=1032&fmt=jpeg&crop=15,204,1541,642&qlt=75,0&op_sharpen=0&resMode=sharp2&op_usm=0,0,0,0&iccEmbed=0&printRes=72&fit=wrap",0,0,0,45,0,1,1,1,10,,2018/1/1,1931/12/18,You will need to pay with a HSBC card :-). More details http://bit.ly/2mvkZ2m,Percentage off general,Dinner,Western,,,,,Causeway Bay,2014/2/18,2016/2/18,2017/2/18,2018/12/5,2013/5/18,2016/6/18,2017/6/18,2022/12/18,2024/12/18,2025/12/18,1931/12/18,,,,,,,,,,,,,,,,,,,,,,,,,,,,,,,,,,,,,,18:00,21:00,Yes
25,"20% off (Sunday to Thursday) with Platinum, Advance, Premier cards - Lunch bill","20% off (Sunday to Thursday) with Platinum, Advance, Premier card - Lunch bill","https://photos.mandarinoriental.com/is/image/MandarinOriental/excelsior-food-breakfast?wid=1080&hei=720&fmt=jpeg&qlt=75,0&op_sharpen=0&resMode=sharp2&op_usm=0.8,0.8,5,0&iccEmbed=0&printRes=72&fit=crop",0,0,0,57.5,0,1,1,1,10,,2018/1/1,1931/12/18,"You will need to pay with a Platinum, Advance or Premier HSBC card :-). More details http://bit.ly/2mvkZ2m",Percentage off general,Lunch,Western,,,,,Causeway Bay,2014/2/18,2016/2/18,2017/2/18,2018/12/5,2013/5/18,2016/6/18,2017/6/18,2022/12/18,2024/12/18,2025/12/18,1931/12/18,,,,,,,,,,,,,,,,,,,,,,,,,,,,,,,,,,,N,N,,11:00,15:30,Yes
26,"20% off (Sunday to Thursday) with Platinum, Advance, Premier cards - Dinner bill","20% off (Sunday to Thursday) with Platinum, Advance, Premier card - Dinner bill","https://photos.mandarinoriental.com/is/image/MandarinOriental/excelsior-food-breakfast?wid=1080&hei=720&fmt=jpeg&qlt=75,0&op_sharpen=0&resMode=sharp2&op_usm=0.8,0.8,5,0&iccEmbed=0&printRes=72&fit=crop",0,0,0,57.5,0,1,1,1,10,,2018/1/1,1931/12/18,"You will need to pay with a Platinum, Advance or Premier HSBC card :-). More details http://bit.ly/2mvkZ2m",Percentage off general,Dinner,Western,,,,,Causeway Bay,2014/2/18,2016/2/18,2017/2/18,2018/12/5,2013/5/18,2016/6/18,2017/6/18,2022/12/18,2024/12/18,2025/12/18,1931/12/18,,,,,,,,,,,,,,,,,,,,,,,,,,,,,,,,,,,N,N,,18:00,22:00,Yes
27,"15% off (Saturday to Friday) with a Platinum, Advance or Premier card - Lunch bill","15% off (Saturday to Friday) with Platinum, Advance, Premier card - Lunch bill","https://photos.mandarinoriental.com/is/image/MandarinOriental/excelsior-food-breakfast?wid=1080&hei=720&fmt=jpeg&qlt=75,0&op_sharpen=0&resMode=sharp2&op_usm=0.8,0.8,5,0&iccEmbed=0&printRes=72&fit=crop",0,0,0,57.5,0,1,1,1,10,,2018/1/1,1931/12/18,"You will need to pay with a Platinum, Advance or Premier HSBC card :-). More details http://bit.ly/2mvkZ2m",Percentage off general,Lunch,Western,,,,,Causeway Bay,2014/2/18,2016/2/18,2017/2/18,2018/12/5,2013/5/18,2016/6/18,2017/6/18,2022/12/18,2024/12/18,2025/12/18,1931/12/18,,,,,,,,,,,,,,,,,,,,,,,,,,,,,,,N,N,N,N,,N,N,11:00,15:00,Yes
28,"15% off (Saturday to Friday) with a Platinum, Advance or Premier card - Dinner bill","15% off (Saturday to Friday) with Platinum, Advance, Premier card - Dinner bill","https://photos.mandarinoriental.com/is/image/MandarinOriental/excelsior-food-breakfast?wid=1080&hei=720&fmt=jpeg&qlt=75,0&op_sharpen=0&resMode=sharp2&op_usm=0.8,0.8,5,0&iccEmbed=0&printRes=72&fit=crop",0,0,0,57.5,0,1,1,1,10,,2018/1/1,1931/12/18,"You will need to pay with a Platinum, Advance or Premier HSBC card :-). More details http://bit.ly/2mvkZ2m",Percentage off general,Dinner,Western,,,,,Causeway Bay,2014/2/18,2016/2/18,2017/2/18,2018/12/5,2013/5/18,2016/6/18,2017/6/18,2022/12/18,2024/12/18,2025/12/18,1931/12/18,,,,,,,,,,,,,,,,,,,,,,,,,,,,,,,N,N,N,N,,N,N,18:00,21:00,Yes
29,10% off with all cards - Lunch bill(The offer is also applicable on Sundays),10% off with all cards- Lunch bill,https://regional-common.s3.amazonaws.com/asiatatler/hk/i/review/40/20170126-6ba4f881cbc8a937074e9_cropped_1584x780.jpg,0,0,0,50,0,1,1,1,11,,2018/1/1,1931/12/18,You will need to pay with a HSBC card :-). More details  http://bit.ly/2z6S76i,Percentage off general,Lunch,Western,Italian,,,,Causeway Bay,2014/2/18,2016/2/18,2017/2/18,2018/12/5,2013/5/18,2016/6/18,2017/6/18,2022/12/18,2024/12/18,2025/12/18,1931/12/18,,,,,,,,,,,,,,,,,,,,,,,,,,,,,,,,,,,,,,12:00,15:00,Yes
30,"10% off with all cards - Dinner bill
(The offer is also applicable on Sundays)",10% off with all cards - Dinner bill,https://regional-common.s3.amazonaws.com/asiatatler/hk/i/review/40/20170126-6ba4f881cbc8a937074e9_cropped_1584x780.jpg,0,0,0,50,0,1,1,1,11,,2018/1/1,1931/12/18,You will need to pay with a HSBC card :-). More details  http://bit.ly/2z6S76i,Percentage off general,Dinner,Western,Italian,,,,Causeway Bay,2014/2/18,2016/2/18,2017/2/18,2018/12/5,2013/5/18,2016/6/18,2017/6/18,2022/12/18,2024/12/18,2025/12/18,1931/12/18,,,,,,,,,,,,,,,,,,,,,,,,,,,,,,,,,,,,,,18:00,23:00,Yes
31,"20% off (Sunday to Thursday) with a Platinum, Advance or Premier card - Lunch bill","20% off with a Platinum, Advance or Premier card - Lunch bill",https://regional-common.s3.amazonaws.com/asiatatler/hk/i/review/40/20170126-6ba4f881cbc8a937074e9_cropped_1584x780.jpg,0,0,0,85,0,1,1,1,11,,2018/1/1,1931/12/18,"You will need to pay with a Platinum, Advance or Premier HSBC card :-). More details  http://bit.ly/2z6S76i",Percentage off general,Lunch,Western,Italian,,,,Causeway Bay,2014/2/18,2016/2/18,2017/2/18,2018/12/5,2013/5/18,2016/6/18,2017/6/18,2022/12/18,2024/12/18,2025/12/18,1931/12/18,,,,,,,,,,,,,,,,,,,,,,,,,,,,,,,,,,,N,N,,11:00,15:00,Yes
32,"20% off (Sunday to Thursday) with a Platinum, Advance or Premier card - Dinner bill","20% off with a Platinum, Advance or Premier card - Dinner bill",https://regional-common.s3.amazonaws.com/asiatatler/hk/i/review/40/20170126-6ba4f881cbc8a937074e9_cropped_1584x780.jpg,0,0,0,85,0,1,1,1,11,,2018/1/1,1931/12/18,"You will need to pay with a Platinum, Advance or Premier HSBC card :-). More details  http://bit.ly/2z6S76i",Percentage off general,Dinner,Western,Italian,,,,Causeway Bay,2014/2/18,2016/2/18,2017/2/18,2018/12/5,2013/5/18,2016/6/18,2017/6/18,2022/12/18,2024/12/18,2025/12/18,1931/12/18,,,,,,,,,,,,,,,,,,,,,,,,,,,,,,,,,,,N,N,,18:00,21:00,Yes
33,"15% off (Friday and Saturday) with a Platinum, Advance or Premier card - Lunch bill","15% off with a Platinum, Advance or Premier card - Lunch bill",https://regional-common.s3.amazonaws.com/asiatatler/hk/i/review/40/20170126-6ba4f881cbc8a937074e9_cropped_1584x780.jpg,0,0,0,65,0,1,1,1,11,,2018/1/1,1931/12/18,"You will need to pay with a Platinum, Advance or Premier HSBC card :-). More details  http://bit.ly/2z6S76i",Percentage off general,Lunch,Western,Italian,,,,Causeway Bay,2014/2/18,2016/2/18,2017/2/18,2018/12/5,2013/5/18,2016/6/18,2017/6/18,2022/12/18,2024/12/18,2025/12/18,1931/12/18,,,,,,,,,,,,,,,,,,,,,,,,,,,,,,,N,N,N,N,,,N,11:00,15:00,Yes
34,"15% off (Friday to Saturday) with a Platinum, Advance or Premier card - Dinner bill","15% off with a Platinum, Advance or Premier card - Dinner bill",https://regional-common.s3.amazonaws.com/asiatatler/hk/i/review/40/20170126-6ba4f881cbc8a937074e9_cropped_1584x780.jpg,0,0,0,65,0,1,1,1,11,,2018/1/1,1931/12/18,"You will need to pay with a Platinum, Advance or Premier HSBC card :-). More details  http://bit.ly/2z6S76i",Percentage off general,Dinner,Western,Italian,,,,Causeway Bay,2014/2/18,2016/2/18,2017/2/18,2018/12/5,2013/5/18,2016/6/18,2017/6/18,2022/12/18,2024/12/18,2025/12/18,1931/12/18,,,,,,,,,,,,,,,,,,,,,,,,,,,,,,,N,N,N,N,,,N,18:00,21:00,Yes
35,A complimentary dish of vegetarian abalone upon spending HK$800 for main menu dishes (Friday to Sunday),Complimentary dish of vegetarian abalone upon spending HK$800 with all cards,http://www.snow-garden.com/photo/08a.jpg,0,0,0,20,0,1,1,16,12,,2018/1/1,1931/12/18,You will need to pay with a HSBC card :-). More details: http://bit.ly/2mAkrVz,Free with purchase,Lunch,Chinese,Asian,,,,Causeway Bay,,,,,,,,,,,,,,,,,,,,,,,,,,,,,,,,,,,,,,,,,,,,,,,N,,11:00,15:00,No
36,A complimentary dish of vegetarian abalone upon spending HK$800 for main menu dishes (Friday to Sunday),Complimentary dish of vegetarian abalone upon spending HK$800 with all cards,http://www.snow-garden.com/photo/08a.jpg,0,0,0,20,0,1,1,16,12,,2018/1/1,1931/12/18,You will need to pay with a HSBC card :-). More details: http://bit.ly/2mAkrVz,Free with purchase,Dinner,Chinese,Asian,,,,Causeway Bay,,,,,,,,,,,,,,,,,,,,,,,,,,,,,,,,,,,,,,,,,,,,,,,N,,18:00,21:00,No
37,10% off main menu dishes (Monday to Thursday),10% off main menu dishes (Monday to Thursday) with all cards- Lunch bill,http://www.snow-garden.com/photo/08a.jpg,0,0,0,45,0,1,1,1,12,,2018/1/1,1931/12/18,You will need to pay with a HSBC card :-). More details: http://bit.ly/2mAkrVz,Percentage off general,Lunch,Chinese,Asian,,,,Causeway Bay,,,,,,,,,,,,,,,,,,,,,,,,,,,,,,,,,,,,,,,,,,,,,,N,N,,11:00,15:00,No
38,10% off main menu dishes (Monday to Thursday),10% off main menu dishes (Monday to Thursday) with all cards- Dinner bill,http://www.snow-garden.com/photo/08a.jpg,0,0,0,45,0,1,1,1,12,,2018/1/1,1931/12/18,You will need to pay with a HSBC card :-). More details: http://bit.ly/2mAkrVz,Percentage off general,Dinner,Chinese,Asian,,,,Causeway Bay,,,,,,,,,,,,,,,,,,,,,,,,,,,,,,,,,,,,,,,,,,,,,,N,N,,18:00,21:00,No
39,10% off set menus,10% off set menus with all cards- Lunch bill,http://www.shanghailane.com.hk/images/logo_w.png,0,0,0,50,0,1,1,1,13,,2018/1/1,1931/12/18,You will need to pay with a HSBC card :-),Percentage off general,Lunch,Chinese,Asian,,,,Central,,,,,,,,,,,,,,,,,,,,,,,,,,,,,,,,,,,,,,,,,,,,,,,,,11:00,15:00,No
40,10% off set menus,10% off set menus with all cards- Dinner bill,http://www.shanghailane.com.hk/images/logo_w.png,0,0,0,50,0,1,1,1,13,,2018/1/1,1931/12/18,You will need to pay with a HSBC card :-).,Percentage off general,Dinner,Chinese,Asian,,,,Central,,,,,,,,,,,,,,,,,,,,,,,,,,,,,,,,,,,,,,,,,,,,,,,,,18:00,21:00,No
41,A complimentary dish of marinated chicken wrapped in pandan leaf with all cards (Monday to Sunday) - Lunch bill,Free dish of marinated chicken wrapped in pandan leaf with all cards-Lunch bill,https://scontent-hkg3-1.xx.fbcdn.net/v/t31.0-8/22218331_1943407209216562_3691602888585517834_o.jpg?oh=235ee4a24068907e8f7321b3c4f8d493&oe=5AA94FB5,0,0,0,20,0,1,1,16,14,,2018/1/1,1931/12/18,You will need to pay with a HSBC card :-). More details http://bit.ly/2raPlJJ,Free with purchase,Lunch,Asian,Thai,,,,Central,2014/2/18,2024/12/18,2025/12/18,1931/12/18,,,,,,,,,,,,,,,,,,,,,,,,,,,,,,,,,,,,,,N,N,N,N,N,,,10:00,15:00,Yes
42,A complimentary dish of marinated chicken wrapped in pandan leaf with all cards (Monday to Sunday) - Dinner bill,Free dish of marinated chicken wrapped in pandan leaf with all cards-Dinner bill,https://scontent-hkg3-1.xx.fbcdn.net/v/t31.0-8/22218331_1943407209216562_3691602888585517834_o.jpg?oh=235ee4a24068907e8f7321b3c4f8d493&oe=5AA94FB5,0,0,0,20,0,1,1,16,14,,2018/1/1,1931/12/18,You will need to pay with a HSBC card :-). More details http://bit.ly/2raPlJJ,Free with purchase,Dinner,Asian,Thai,,,,Central,2014/2/18,2024/12/18,2025/12/18,1931/12/18,,,,,,,,,,,,,,,,,,,,,,,,,,,,,,,,,,,,,,,,,,,,,18:00,21:00,Yes
43,10% off food and beverages with an Advance or Premier card - Dinner bill,10% off food and beverages with an Advance or Premier card - Dinner bill,https://www.redhotoffers.hsbc.com.hk/media/2775464/90042.jpg,0,0,0,50,0,1,1,1,15,,2018/1/1,1931/12/18,You will need to pay with an Advance or Premier HSBC card :-),Percentage off general,Dinner,Asian,Japanese,,,,Causeway Bay,,,,,,,,,,,,,,,,,,,,,,,,,,,,,,,,,,,,,,,,,,,,,,,,,18:00,21:00,No
44,A complimentary dessert upon spending HK$200 for dine-in dinner with all cards (Monday to Sunday) - Dinner bill,Free dessert upon spending HK$200 for dine-in with all cards - Dinner bill,http://betterworld.hk/upload/admin_rest/2/1/1453958507.jpg,0,0,0,17.5,0,1,1,16,16,,2018/1/1,1931/12/18,You will need to pay with a HSBC card :-). More detailshttp://bit.ly/2mD8HS6,Free with purchase,Dinner,Vietnamese,Asian,,,,Central,2014/2/18,15/02/2018,2016/2/18,2017/2/18,2018/2/18,19/02/2018,2019/3/18,2020/3/18,2029/3/18,1930/3/18,1931/3/18,2018/1/4,2018/2/4,2018/4/4,2018/5/4,1930/4/18,2018/1/5,2018/12/5,2013/5/18,2021/5/18,2022/5/18,2016/6/18,2017/6/18,2018/6/18,2020/6/18,2021/6/18,1930/6/18,2018/1/7,2018/2/7,2022/9/18,2023/9/18,2024/9/18,2025/9/18,1930/9/18,2018/1/10,2016/10/18,2017/9/18,2024/12/18,2025/12/18,2026/12/18,1931/12/18,,,,,,,,18:00,21:00,No
45,10% off dinner,10% off with all cards - Dinner bill,http://www.sushixuannm.com/wp-content/uploads/sites/10/2016/05/sushi-image-2.jpg,0,0,0,55,0,1,1,1,17,,2018/1/1,1931/12/18,You will need to pay with a HSBC card :-),Percentage off general,Dinner,Asian,Japanese,,,,Central,,,,,,,,,,,,,,,,,,,,,,,,,,,,,,,,,,,,,,,,,,,,,,,,,18:00,21:00,No
46,15% off regular-priced dishes (Monday to Thursday),15% off regular-priced dishes with all cards - Lunch bill,http://www.chorbazare.com.hk/assets/images/01vdwjd3dc805fa7e2db9bl-2000x1333-65.jpg,0,0,0,65,0,1,1,1,18,,2018/1/1,1931/12/18,You will need to pay with a HSBC card :-),Percentage off general,Lunch,Asian,Indian,,,,Causeway Bay,,,,,,,,,,,,,,,,,,,,,,,,,,,,,,,,,,,,,,,,,,,,,,N,N,N,11:00,15:00,No
47,15% off regular-priced dishes (Monday to Thursday),15% off regular-priced dishes with all cards - Dinner bill,http://www.chorbazare.com.hk/assets/images/01vdwjd3dc805fa7e2db9bl-2000x1333-65.jpg,0,0,0,65,0,1,1,1,18,,2018/1/1,1931/12/18,You will need to pay with a HSBC card :-),Percentage off general,Dinner,Asian,Indian,,,,Causeway Bay,,,,,,,,,,,,,,,,,,,,,,,,,,,,,,,,,,,,,,,,,,,,,,N,N,N,18:00,21:00,No
48,15% off regular-priced dishes (Monday to Thursday),15% off regular-priced dishes with all cards - Lunch bill,http://www.haveliindianrestaurant.com/data1/images/banner2.jpg,0,0,0,65,0,1,1,1,19,,2018/1/1,1931/12/18,You will need to pay with a HSBC card :-),Percentage off general,Lunch,Asian,Indian,,,,Causeway Bay,,,,,,,,,,,,,,,,,,,,,,,,,,,,,,,,,,,,,,,,,,,,,,N,N,N,11:00,15:00,No
49,"15% off regular-priced dishes (Monday to Thursday)
",15% off regular-priced dishes with all cards - Dinner bill,http://www.haveliindianrestaurant.com/data1/images/banner2.jpg,0,0,0,65,0,1,1,1,19,,2018/1/1,1931/12/18,You will need to pay with a HSBC card :-),Percentage off general,Dinner,Asian,Indian,,,,Causeway Bay,,,,,,,,,,,,,,,,,,,,,,,,,,,,,,,,,,,,,,,,,,,,,,N,N,N,18:00,21:00,No
50,10% off regular-priced period,10% off regular-priced period with all cards - Lunch bill,https://www.redhotoffers.hsbc.com.hk/media/3380017/3.jpg,0,0,0,50,0,1,1,1,20,,2018/1/1,1931/12/18,You will need to pay with a HSBC card :-),Percentage off general,Lunch,Asian,Chinese,taiwanese ,,,Causeway Bay,,,,,,,,,,,,,,,,,,,,,,,,,,,,,,,,,,,,,,,,,,,,,,,,,11:00,15:00,No
51,10% off regular-priced period,10% off regular-priced period with all cards - Dinner bill,https://www.redhotoffers.hsbc.com.hk/media/3380017/3.jpg,0,0,0,50,0,1,1,1,20,,2018/1/1,1931/12/18,You will need to pay with a HSBC card :-),Percentage off general,Dinner,Asian,Chinese,taiwanese ,,,Causeway Bay,,,,,,,,,,,,,,,,,,,,,,,,,,,,,,,,,,,,,,,,,,,,,,,,,18:00,21:00,No
52,10% off a la carte,10% off a la carte with all cards- Lunch bill,"http://res.cloudinary.com/asia-miles/image/fetch/c_limit,h_300,w_300,q_60/http://www.asiamiles.com/mobile/content/dam/am-content/brands/logo/dining/alto-bar-grill/ALTO.PNG/jcr:content/renditions/cq5dam.web.1280.1280.png",0,0,0,45,0,1,1,3,21,,2018/1/1,1931/12/18,You will need to pay with a HSBC card :-) More details: http://bit.ly/2FFXSYh,percentage off a la carte,Lunch,Western,,,,,Causeway Bay,2018/2/14,2018/5/13,2018/12/24,2018/12/25,2018/12/31,,,,,,,,,,,,,,,,,,,,,,,,,,,,,,,,,,,,,,,,,,,,11:00,15:00,Yes
53,10% off a la carte,10% off a la carte with all cards - Dinner bill,"http://res.cloudinary.com/asia-miles/image/fetch/c_limit,h_300,w_300,q_60/http://www.asiamiles.com/mobile/content/dam/am-content/brands/logo/dining/alto-bar-grill/ALTO.PNG/jcr:content/renditions/cq5dam.web.1280.1280.png",0,0,0,45,0,1,1,3,21,,2018/1/1,1931/12/18,You will need to pay with a HSBC card :-) More details: http://bit.ly/2FFXSYh,percentage off a la carte,Dinner,Western,,,,,Causeway Bay,2018/2/14,2018/5/13,2018/12/24,2018/12/25,2018/12/31,,,,,,,,,,,,,,,,,,,,,,,,,,,,,,,,,,,,,,,,,,,,18:00,21:30,Yes
54,10% off a la carte,10% off a la carte with all cards- Lunch bill,https://www.redhotoffers.hsbc.com.hk/media/4204003/20106.jpg,0,0,0,50,0,1,1,3,22,,2018/1/1,1931/12/18,You will need to pay with a HSBC card :-) More details: http://bit.ly/2DgTRMv,percentage off a la carte,Lunch,Western,,,,,Central,2018/2/14,2018/5/13,2018/12/24,2018/12/25,2018/12/31,,,,,,,,,,,,,,,,,,,,,,,,,,,,,,,,,,,,,,,,,,,,11:00,15:00,Yes
55,10% off a la carte,10% off a la carte with all cards - Dinner bill,https://www.redhotoffers.hsbc.com.hk/media/4204003/20106.jpg,0,0,0,50,0,1,1,3,22,,2018/1/1,1931/12/18,You will need to pay with a HSBC card :-) More details: http://bit.ly/2DgTRMv,percentage off a la carte,Dinner,Western,,,,,Central,2018/2/14,2018/5/13,2018/12/24,2018/12/25,2018/12/31,,,,,,,,,,,,,,,,,,,,,,,,,,,,,,,,,,,,,,,,,,,,18:00,21:00,Yes
56,10% off a la carte,10% off a la carte with all cards- Lunch bill,https://www.redhotoffers.hsbc.com.hk/media/4203987/20105.jpg,0,0,0,50,0,1,1,3,23,,2018/1/1,1931/12/18,You will need to pay with a HSBC card :-) More details: http://bit.ly/2mFVd9d,percentage off a la carte,Lunch,Western,,,,,Central,2018/2/14,2018/5/13,2018/12/24,2018/12/25,2018/12/31,,,,,,,,,,,,,,,,,,,,,,,,,,,,,,,,,,,,,,,,,,,,11:00,15:00,Yes
57,10% off a la carte,10% off a la carte with all cards - Dinner bill,https://www.redhotoffers.hsbc.com.hk/media/4203987/20105.jpg,0,0,0,50,0,1,1,3,23,,2018/1/1,1931/12/18,You will need to pay with a HSBC card :-) More details: http://bit.ly/2mFVd9d,percentage off a la carte,Dinner,Western,,,,,Central,2018/2/14,2018/5/13,2018/12/24,2018/12/25,2018/12/31,,,,,,,,,,,,,,,,,,,,,,,,,,,,,,,,,,,,,,,,,,,,16:30,21:00,Yes
58,10% off a la carte ,10% off a la carte with all cards - Lunch bill,http://www.diningconcepts.com/inc_image.php?url=2017/05/op-5907f88bbdde9.jpg,0,0,0,40,0,1,1,3,24,,2018/1/1,1931/12/18,You will need to pay with a HSBC card :-). More details http://bit.ly/2DiapD3,Percentage off a la carte,Lunch,Asian,Thai,,,,Central,2018/2/14,2018/5/13,2018/12/24,2018/12/25,2018/12/31,,,,,,,,,,,,,,,,,,,,,,,,,,,,,,,,,,,,,,,,,,,,11:00,15:00,Yes
59,10% off a la carte ,10% off a la carte with all cards - Dinner bill,http://www.diningconcepts.com/inc_image.php?url=2017/05/op-5907f88bbdde9.jpg,0,0,0,40,0,1,1,3,24,,2018/1/1,1931/12/18,You will need to pay with a HSBC card :-). More details http://bit.ly/2DiapD3,Percentage off a la carte,Dinner,Asian,Thai,,,,Central,2018/2/14,2018/5/13,2018/12/24,2018/12/25,2018/12/31,,,,,,,,,,,,,,,,,,,,,,,,,,,,,,,,,,,,,,,,,,,,18:00,21:00,Yes
60,10% off a la carte ,10% off a la carte with all cards - Lunch bill,https://www.redhotoffers.hsbc.com.hk/media/4203939/20102.jpg,0,0,0,50,0,1,1,3,25,,2018/1/1,1931/12/18,You will need to pay with a HSBC card :-). More details http://bit.ly/2B6lgut,Percentage off a la carte,Lunch,Western,,,,,Central,2018/2/14,2018/5/13,2018/12/24,2018/12/25,2018/12/31,,,,,,,,,,,,,,,,,,,,,,,,,,,,,,,,,,,,,,,,,,,,11:00,15:00,Yes
61,10% off a la carte ,10% off a la carte with all cards - Dinner bill,https://www.redhotoffers.hsbc.com.hk/media/4203939/20102.jpg,0,0,0,50,0,1,1,3,25,,2018/1/1,1931/12/18,You will need to pay with a HSBC card :-). More details http://bit.ly/2B6lgut,Percentage off a la carte,Dinner,Western,,,,,Central,2018/2/14,2018/5/13,2018/12/24,2018/12/25,2018/12/31,,,,,,,,,,,,,,,,,,,,,,,,,,,,,,,,,,,,,,,,,,,,18:00,21:00,Yes
62,10% off food for dinner with all cards (Monday to Sunday) - Lunch Bill,10% off food for dinner with all cards - Lunch Bill,"http://www.shangri-la.com/uploadedImages/Shangri-la_Hotels/Island_Shangri-La,_Hong_Kong/ISL-Gallery-Summer-Palace-2.jpg",0,0,0,45,0,1,1,1,26,,2018/1/1,1931/12/18,"You will need to pay with a Platinum, Advance or Premier HSBC card :-).  http://bit.ly/2EMhGb3",Percentage off general,Lunch,Asian,Chinese,Guangdong,Hong Kong,,Central,2018/1/1,2018/2/14,2018/2/16,2018/2/19,2018/4/1,2018/5/13,2018/6/17,2018/6/17,2018/12/24,2018/12/26,2018/12/31,,,,,,,,,,,,,,,,,,,,,,,,,,,,,,,,,,,,,,11:00,15:00,Yes
63,15% off food for dinner with all cards (Monday to Sunday) - Dinner bill,15% off food for dinner with all cards - Dinner bill,"http://www.shangri-la.com/uploadedImages/Shangri-la_Hotels/Island_Shangri-La,_Hong_Kong/ISL-Gallery-Summer-Palace-2.jpg",0,0,0,62.5,0,1,1,1,26,,2018/1/1,1931/12/18,"You will need to pay with a Platinum, Advance or Premier HSBC card :-).  http://bit.ly/2EMhGb3",Percentage off general,Dinner,Asian,Chinese,Guangdong,Hong Kong,,Central,2018/1/1,2018/2/14,2018/2/16,2018/2/19,2018/4/1,2018/5/13,2018/6/17,2018/6/17,2018/12/24,2018/12/26,2018/12/31,,,,,,,,,,,,,,,,,,,,,,,,,,,,,,,,,,,,,,16:00,21:00,Yes
64,"10% off a la carte and buffet with a Platinum, Advance or Premier card - Lunch bill","10% off a la carte/buffet with a Platinum, Advance or Premier card - Lunch bill","http://www.shangri-la.com/uploadedImages/Shangri-la_Hotels/Island_Shangri-La,_Hong_Kong/dining/restaurants/cafe-too/ISL-cafe-TOO.jpg?width=720&height=283&mode=crop&quality=80",0,0,0,45,0,1,1,1,27,,2018/1/1,1931/12/18,"You will need to pay with a Platinum, Advance or Premier HSBC card :-).  http://bit.ly/2EMhGb3",Percentage off buffet,Lunch,Western,,,,,Central,2018/1/1,2018/2/14,2018/2/16,2018/2/19,2018/4/1,2018/5/13,2018/6/17,2018/6/17,2018/12/24,2018/12/26,2018/12/31,,,,,,,,,,,,,,,,,,,,,,,,,,,,,,,,,,,,,,11:00,15:00,Yes
65,"20% off a la carte and buffet with a Platinum, Advance or Premier card - Afternoon Tea bill","20% off a la carte/buffet with a Platinum, Advance or Premier card-Afternoon Tea","http://www.shangri-la.com/uploadedImages/Shangri-la_Hotels/Island_Shangri-La,_Hong_Kong/dining/restaurants/cafe-too/ISL-cafe-TOO.jpg?width=720&height=283&mode=crop&quality=81",0,0,0,79.5,0,1,1,1,27,,2018/1/1,1931/12/18,"You will need to pay with a Platinum, Advance or Premier HSBC card :-).  http://bit.ly/2EMhGb3",Percentage off buffet,Afternoon Tea,Western,,,,,Central,2018/1/1,2018/2/14,2018/2/16,2018/2/19,2018/4/1,2018/5/13,2018/6/17,2018/6/17,2018/12/24,2018/12/26,2018/12/31,,,,,,,,,,,,,,,,,,,,,,,,,,,,,,,,,,,,,,15:00,17:30,Yes
66,"10% off a la carte and buffet with a Platinum, Advance or Premier card - Dinner bill","10% off a la carte/buffet with a Platinum, Advance or Premier card - Dinner bill","http://www.shangri-la.com/uploadedImages/Shangri-la_Hotels/Island_Shangri-La,_Hong_Kong/dining/restaurants/cafe-too/ISL-cafe-TOO.jpg?width=720&height=283&mode=crop&quality=82",0,0,0,45,0,1,1,1,27,,2018/1/1,1931/12/18,"You will need to pay with a Platinum, Advance or Premier HSBC card :-).  http://bit.ly/2EMhGb3",Percentage off buffet,Dinner,Western,,,,,Central,2018/1/1,2018/2/14,2018/2/16,2018/2/19,2018/4/1,2018/5/13,2018/6/17,2018/6/17,2018/12/24,2018/12/26,2018/12/31,,,,,,,,,,,,,,,,,,,,,,,,,,,,,,,,,,,,,,18:00,21:00,Yes
67,"10% off food for dinner with a Platinum, Advance or Premier card - Lunch bill","10% off food for dinner with a Platinum, Advance or Premier card - Lunch bill","http://www.shangri-la.com/uploadedImages/Shangri-la_Hotels/Island_Shangri-La,_Hong_Kong/dining/restaurants/waterside-terrace/ISL-Waterside-Terrace.jpg?width=720&height=283&mode=crop&quality=80",0,0,0,40,0,1,1,1,28,,2018/1/1,1931/12/18,"You will need to pay with a Platinum, Advance or Premier HSBC card :-).  http://bit.ly/2EMhGb3",Percentage off general,Lunch,Western,Thai,Asian,,,Central,2018/1/1,2018/2/14,2018/2/16,2018/2/19,2018/4/1,2018/5/13,2018/6/17,2018/6/17,2018/12/24,2018/12/26,2018/12/31,,,,,,,,,,,,,,,,,,,,,,,,,,,,,,,,,,,,,,11:00,15:00,Yes
68,"10% off food for dinner with a Platinum, Advance or Premier card - Dinner bill","10% off food for dinner with a Platinum, Advance or Premier card - Dinner bill","http://www.shangri-la.com/uploadedImages/Shangri-la_Hotels/Island_Shangri-La,_Hong_Kong/dining/restaurants/waterside-terrace/Waterside%20Terrace%20menu.jpg?width=225&height=148&mode=crop&quality=80",0,0,0,70,0,1,1,1,28,,2018/1/1,1931/12/18,"You will need to pay with a Platinum, Advance or Premier HSBC card :-).  http://bit.ly/2EMhGb3",Percentage off general,Dinner,Western,Thai,Asian,,,Central,2018/1/1,2018/2/14,2018/2/16,2018/2/19,2018/4/1,2018/5/13,2018/6/17,2018/6/17,2018/12/24,2018/12/26,2018/12/31,,,,,,,,,,,,,,,,,,,,,,,,,,,,,,,,,,,,,,17:00,21:00,Yes
69,"10% off food with a Platinum, Advance or Premier card  - Lunch bill","10% off food with a Platinum, Advance or Premier card  - Lunch bill","http://www.shangri-la.com/uploadedImages/Shangri-la_Hotels/Island_Shangri-La,_Hong_Kong/dining/restaurants/restaurant-petrus/Restaurant%20Petrus,%20main%20dining%20area.jpg?width=720&height=283&mode=crop&quality=80",0,0,0,70,0,1,1,1,29,,2018/1/1,1931/12/18,"You will need to pay with a Platinum, Advance or Premier HSBC card :-).  http://bit.ly/2EMhGb3",Percentage off general,Lunch,Western,French,,,,Central,2018/1/1,2018/2/14,2018/2/16,2018/2/19,2018/4/1,2018/5/13,2018/6/17,2018/6/17,2018/12/24,2018/12/26,2018/12/31,,,,,,,,,,,,,,,,,,,,,,,,,,,,,,,,,,,,,,11:00,15:00,Yes
70,"10% off food with a Platinum, Advance or Premier card - Afternnon tea","10% off food with a Platinum, Advance or Premier card - Afternnon tea","http://www.shangri-la.com/uploadedImages/Shangri-la_Hotels/Island_Shangri-La,_Hong_Kong/dining/restaurants/restaurant-petrus/Mieral%20pigeon,%20beetroots%20and%20white%20miso.jpg?width=164&height=185&mode=crop&quality=80",0,0,0,70,0,1,1,1,29,,2018/1/1,1931/12/18,"You will need to pay with a Platinum, Advance or Premier HSBC card :-).  http://bit.ly/2EMhGb3",Percentage off general,Afternoon Tea,Western,French,,,,Central,2018/1/1,2018/2/14,2018/2/16,2018/2/19,2018/4/1,2018/5/13,2018/6/17,2018/6/17,2018/12/24,2018/12/26,2018/12/31,,,,,,,,,,,,,,,,,,,,,,,,,,,,,,,,,,,,,,14:30,18:00,Yes
71,"10% off food for dinner with a Platinum, Advance or Premier card  - Dinner bill","10% off food for dinner with a Platinum, Advance or Premier card  - Dinner bill","http://www.shangri-la.com/uploadedImages/Shangri-la_Hotels/Hong_Kong,_Island_Shangri-La/dining/restaurants/lobster-bar-grill/Seafood%20Platter(1).jpg?width=249&height=185&mode=crop&quality=80",0,0,0,47,0,1,1,1,30,,2018/1/1,1931/12/18,"You will need to pay with a Platinum, Advance or Premier HSBC card :-).  http://bit.ly/2EMhGb3",Percentage off general,Dinner,Western,,,,,Central,2018/1/1,2018/2/14,2018/2/16,2018/2/19,2018/4/1,2018/5/13,2018/6/17,2018/6/17,2018/12/24,2018/12/26,2018/12/31,,,,,,,,,,,,,,,,,,,,,,,,,,,,,,,,,,,,,,18:00,23:30,Yes
72,"10% off food for dinner with a Platinum, Advance or Premier card - Dinner bill","10% off food for dinner with a Platinum, Advance or Premier card - Dinner bill","http://www.shangri-la.com/uploadedImages/Shangri-la_Hotels/Island_Shangri-La,_Hong_Kong/dining/restaurants/waterside-http://www.shangri-la.com/uploadedImages/Shangri-la_Hotels/Hong_Kong,_Island_Shangri-La/dining/restaurants/nadaman/ISL-Nadaman-Logo.png",0,0,0,50,0,1,1,2,31,,2018/1/1,1931/12/18,"You will need to pay with a Platinum, Advance or Premier HSBC card :-).  http://bit.ly/2EMhGb3",Percentage off general,Dinner,Asian,Japanese,,,,Central,2018/1/1,2018/2/14,2018/2/16,2018/2/19,2018/4/1,2018/5/13,2018/6/17,2018/6/17,2018/12/24,2018/12/26,2018/12/31,,,,,,,,,,,,,,,,,,,,,,,,,,,,,,,,,,,,,,18:00,21:00,Yes
73,15% off lunch buffet with all cards - Lunch bill,15% off lunch buffet with all cards - Lunch bill,http://www.lhotelgroup.com/getmedia/50d04cc1-36d7-4d65-a32f-0b38e0a5e676/L-hotel-Causeway-Bay-Harbour-View_F-B_Food_Cold-Dishes-(final)_CWB3911.aspx?width=340&height=200&ext=.jpg,0,0,0,72.5,0,1,1,1,32,,2018/1/1,1931/12/18,You will need to pay with a HSBC card :-). More details  http://bit.ly/2D8cxtI,Percentage off general,Lunch,Asian,Western,Chinese,Japanese,Korean,Causeway Bay,2018/1/1,2018/2/13,2018/2/18,2018/5/12,2018/5/13,2018/6/16,2018/6/17,2018/12/24,2018/12/25,2018/12/26,2018/12/31,,,,,,,,,,,,,,,,,,,,,,,,,,,,,,,,,,,,,,11:00,15:00,Yes
74,15% off dinner buffet with all cards - Dinner bill,15% off dinner buffet with all cards - Dinner bill,http://www.lhotelgroup.com/getmedia/50d04cc1-36d7-4d65-a32f-0b38e0a5e676/L-hotel-Causeway-Bay-Harbour-View_F-B_Food_Cold-Dishes-(final)_CWB3911.aspx?width=340&height=200&ext=.jpg,0,0,0,72.5,0,1,1,1,32,,2018/1/1,1931/12/18,You will need to pay with a HSBC card :-). More details  http://bit.ly/2D8cxtI,Percentage off general,Dinner,Asian,Western,Chinese,Japanese,Korean,Causeway Bay,2018/1/1,2018/2/13,2018/2/18,2018/5/12,2018/5/13,2018/6/16,2018/6/17,2018/12/24,2018/12/25,2018/12/26,2018/12/31,,,,,,,,,,,,,,,,,,,,,,,,,,,,,,,,,,,,,,18:00,21:00,Yes
75,10% off a la carte - Lunch bill,10% off a la carte - Lunch bill,http://www.diningconcepts.com/inc_image.php?url=2016/11/op-583be130d8bb5.jpg,0,0,0,40,0,1,1,3,33,,2018/1/1,1931/12/18,You will need to pay with a HSBC card :-). More details http://bit.ly/2mCPccj,Percentage off a la carte,Lunch,Asian,,,,,Central,2018/1/1,2018/2/14,2018/5/13,2018/12/24,2018/12/25,2018/12/31,,,,,,,,,,,,,,,,,,,,,,,,,,,,,,,,,,,,,,,,,,,11:00,15:00,Yes
76,10% off a la carte - Dinner bill,10% off a la carte - Dinner bill,http://www.diningconcepts.com/inc_image.php?url=2016/11/op-583be130d8bb5.jpg,0,0,0,40,0,1,1,3,33,,2018/1/1,1931/12/18,You will need to pay with a HSBC card :-). More details http://bit.ly/2mCPccj,Percentage off a la carte,Dinner,Asian,,,,,Central,2018/1/1,2018/2/14,2018/5/13,2018/12/24,2018/12/25,2018/12/31,,,,,,,,,,,,,,,,,,,,,,,,,,,,,,,,,,,,,,,,,,,18:00,21:00,Yes
77,10% off a la carte - Lunch bill,10% off a la carte - Lunch bill,http://www.diningconcepts.com/inc_image.php?url=2016/11/op-583be147a9cbf.jpg,0,0,0,50,0,1,1,3,34,,2018/1/1,1931/12/18,You will need to pay with a HSBC card :-). More details http://bit.ly/2DB4c2L,Percentage off a la carte,Lunch,French,Western,,,,Central,2018/1/1,2018/2/14,2018/5/13,2018/12/24,2018/12/25,2018/12/31,,,,,,,,,,,,,,,,,,,,,,,,,,,,,,,,,,,,,,,,,,,11:00,15:00,Yes
78,10% off a la carte - Dinner bill,10% off a la carte - Dinner bill,http://www.diningconcepts.com/inc_image.php?url=2016/11/op-583be147c6d0b.jpg,0,0,0,50,0,1,1,3,34,,2018/1/1,1931/12/18,You will need to pay with a HSBC card :-). More details http://bit.ly/2DB4c2L,Percentage off a la carte,Dinner,French,Western,,,,Central,2018/1/1,2018/2/14,2018/5/13,2018/12/24,2018/12/25,2018/12/31,,,,,,,,,,,,,,,,,,,,,,,,,,,,,,,,,,,,,,,,,,,18:00,21:00,Yes
79,"A complimentary bottle of red or white wine upon spending HK$1,000 with all cards - Lunch bill","Free bottle of red/white wine upon spending HK$1,000 with all cards - Lunch bill",http://www.diningconcepts.com/inc_image.php?url=2016/11/op-583be147a9cbf.jpg,0,0,0,20,0,1,1,16,34,,2018/1/1,1931/12/18,You will need to pay with a HSBC card :-). More details http://bit.ly/2DB4c2L,Free with purchase,Lunch,French,Western,,,,Central,2018/1/1,2018/2/14,2018/5/13,2018/12/24,2018/12/25,2018/12/31,,,,,,,,,,,,,,,,,,,,,,,,,,,,,,,,,,,,,,,,,,,11:00,15:00,Yes
80,"A complimentary bottle of red or white wine upon spending HK$1,000 with all cards - Dinner bill","Free bottle of red/white wine upon spending HK$1,000 with all cards- Dinner bill",http://www.diningconcepts.com/inc_image.php?url=2016/11/op-583be147c6d0b.jpg,0,0,0,20,0,1,1,16,34,,2018/1/1,1931/12/18,You will need to pay with a HSBC card :-). More details http://bit.ly/2DB4c2L,Free with purchase,Dinner,French,Western,,,,Central,2018/1/1,2018/2/14,2018/5/13,2018/12/24,2018/12/25,2018/12/31,,,,,,,,,,,,,,,,,,,,,,,,,,,,,,,,,,,,,,,,,,,18:00,21:00,Yes
81,10% off a la carte (Sunday to Wednesday) with all cards - Dinner bill,10% off a la carte with all cards - Dinner bill,http://dragon-noodles.com/wp-content/uploads/2015/03/44-1.jpg,0,0,0,47,0,1,1,1,35,,2018/1/1,1931/12/18,You will need to pay with a HSBC card :-). More details http://bit.ly/2D9ipCK,Percentage off general,Dinner,Asian,Chinese,Hong Kong,,,Central,2018/2/14,2018/5/13,2018/6/17,2018/12/24,2018/12/31,,,,,,,,,,,,,,,,,,,,,,,,,,,,,,,,,,,,,,,,N,N,N,,18:00,21:00,Yes
82,10% off a la carte with all cards (Monday to Sunday) - Lunch bill,10% off a la carte with all cards - Lunch bill,http://www.diningconcepts.com/inc_image.php?url=2016/11/op-583be3385e481.jpg,0,0,0,45,0,1,1,3,36,,2018/1/1,1931/12/18,You will need to pay with a HSBC card :-). More details http://bit.ly/2FI4ohe,Percentage off a la carte,Lunch,Western,Asian,Thai,,,Central,2018/1/1,2018/2/14,2018/5/13,2018/12/24,2018/12/25,2018/12/31,,,,,,,,,,,,,,,,,,,,,,,,,,,,,,,,,,,,,,,,,,,11:00,15:00,Yes
83,10% off a la carte with all cards (Monday to Sunday) - Dinner bill,10% off a la carte with all cards - Dinner bill,http://www.diningconcepts.com/inc_image.php?url=2016/11/op-583be3385e481.jpg,0,0,0,45,0,1,1,3,36,,2018/1/1,1931/12/18,You will need to pay with a HSBC card :-). More details http://bit.ly/2FI4ohe,Percentage off a la carte,Dinner,Western,Asian,Thai,,,Central,2018/1/1,2018/2/14,2018/5/13,2018/12/24,2018/12/25,2018/12/31,,,,,,,,,,,,,,,,,,,,,,,,,,,,,,,,,,,,,,,,,,,18:00,21:00,Yes
84,10% off a la carte with all cards - Breakfast bill,10% off a la carte with all cards - Breakfast bill,https://scontent-hkg3-2.xx.fbcdn.net/v/t1.0-9/19598674_595691364151921_8427797745195951183_n.jpg?oh=5a6ffda3dfec6425c885cc0dd25bb294&oe=5A685D83,0,0,0,40,0,1,1,3,37,,2018/1/1,1931/12/18,You will need to pay with a HSBC card :-). More details: http://bit.ly/2DiapD3,Percentage off general,Breakfast,Asian,Korean,,,,Central,2018/1/1,2018/2/14,2018/5/13,2018/12/24,2018/12/25,2018/12/31,,,,,,,,,,,,,,,,,,,,,,,,,,,,,,,,,,,,,,,,,,,0:00,1:30,No
85,10% off a la carte with all cards - Lunch bill,10% off a la carte with all cards - Lunch bill,https://scontent-hkg3-2.xx.fbcdn.net/v/t1.0-9/19598674_595691364151921_8427797745195951183_n.jpg?oh=5a6ffda3dfec6425c885cc0dd25bb294&oe=5A685D83,0,0,0,40,0,1,1,3,37,,2018/1/1,1931/12/18,You will need to pay with a HSBC card :-). More details: http://bit.ly/2DiapD3,Percentage off general,Lunch,Asian,Korean,,,,Central,2018/1/1,2018/2/14,2018/5/13,2018/12/24,2018/12/25,2018/12/31,,,,,,,,,,,,,,,,,,,,,,,,,,,,,,,,,,,,,,,,,,,11:00,15:00,No
86,10% off a la carte with all cards - Dinner bill,10% off a la carte with all cards - Dinner bill,https://scontent-hkg3-2.xx.fbcdn.net/v/t1.0-9/19598674_595691364151921_8427797745195951183_n.jpg?oh=5a6ffda3dfec6425c885cc0dd25bb294&oe=5A685D83,0,0,0,40,0,1,1,3,37,,2018/1/1,1931/12/18,You will need to pay with a HSBC card :-). More details: http://bit.ly/2DiapD3,Percentage off general,Dinner,Asian,Korean,,,,Central,2018/1/1,2018/2/14,2018/5/13,2018/12/24,2018/12/25,2018/12/31,,,,,,,,,,,,,,,,,,,,,,,,,,,,,,,,,,,,,,,,,,,18:00,21:00,No
87,10% off a la carte,10% off a la carte,https://www.redhotoffers.hsbc.com.hk/media/4203827/20095.jpg,0,0,0,58,0,1,1,3,38,,2018/1/1,1931/12/18,You will need to pay with a HSBC card :-). More details http://bit.ly/2DAZnq7,Percentage off general ,Dinner,Western,,,,,Central,2018/1/1,2018/2/14,2018/5/13,2018/12/24,2018/12/25,2018/12/31,,,,,,,,,,,,,,,,,,,,,,,,,,,,,,,,,,,,,,,,,,,18:00,21:00,No
