{
  "5pm": "dinner",
  "6pm": "dinner",
  "7pm": "dinner",
  "8pm": "dinner",
  "9pm": "dinner",
  "later today": "dinner",
  "tonight": "dinner",
  "evening": "dinner",
  "later tonight": "dinner",
  "10pm": "dinner",
  "5:00 pm": "dinner",
  "6:00 pm": "dinner",
  "7:00 pm": "dinner",
  "8:00 pm": "dinner",
  "9:00 pm": "dinner",
  "10:00 pm": "dinner",
  "around 5pm": "dinner",
  "around 6pm": "dinner",
  "around 7pm": "dinner",
  "around 8pm": "dinner",
  "around 9pm": "dinner",
  "around 10pm": "dinner",
  "17:00": "dinner",
  "18:00": "dinner",
  "19:00": "dinner",
  "20:00": "dinner",
  "21:00": "dinner",
  "22:00": "dinner",
  "bak kut teh": "singaporean",
  "wanton mee": "singaporean",
  "fried carrot cake": "singaporean",
  "kaya toasts": "singaporean",
  "crabs": "singaporean",
  "crab": "singaporean",
  "chili crab": "singaporean",
  "pepper crab": "singaporean",
  "laksa": "singaporean",
  "curry fish head": "singaporean",
  "bak chor mee": "singaporean",
  "orh lua": "singaporean",
  "hokkien prawn mee": "singaporean",
  "satay": "singaporean",
  "bbq sambal sting ray": "singaporean",
  "tau huay": "singaporean",
  "ice kacang": "singaporean",
  "chwee kway": "singaporean",
  "nasi lemak": "singaporean",
  "mee siam": "singaporean",
  "mee rebus": "singaporean",
  "roti prata": "singaporean",
  "rojak": "singaporean",
  "chicken rice": "singaporean",
  "char kway teow": "singaporean",
  "curry puff": "singaporean",
  "popiah": "singaporean",
  "hor fun": "singaporean",
  "char kuay teow": "singaporean",
  "steamed ground pork": "cantonese",
  "cantonese fried rice": "cantonese",
  "zaa leung": "cantonese",
  "yau zaa gwai": "cantonese",
  "dace fish balls": "cantonese",
  "beef chow fun": "cantonese",
  "lo mein": "cantonese",
  "rice noodle roll": "cantonese",
  "rice noodles": "cantonese",
  "silver needle noodles": "cantonese",
  "yi mein": "cantonese",
  "char siu": "cantonese",
  "roast goose": "cantonese",
  "siu mei": "cantonese",
  "lou mei": "cantonese",
  "siu laap": "cantonese",
  "pot rice": "cantonese",
  "sesame soup": "cantonese",
  "sai mai lo": "cantonese",
  "coconut bar": "cantonese",
  "shaved ice": "cantonese",
  "jellyfish": "cantonese",
  "11am": "lunch",
  "12pm": "lunch",
  "1pm": "lunch",
  "2pm": "lunch",
  "3pm": "lunch",
  "4pm": "lunch",
  "midday": "lunch",
  "noon": "lunch",
  "mid-day": "lunch",
  "11:00 am": "lunch",
  "12:00 pm": "lunch",
  "1:00 pm": "lunch",
  "2:00 pm": "lunch",
  "3:00 pm": "lunch",
  "4:00 pm": "lunch",
  "around 11am": "lunch",
  "around 12pm": "lunch",
  "around 1pm": "lunch",
  "around 2pm": "lunch",
  "around 3pm": "lunch",
  "around 4pm": "lunch",
  "11:00": "lunch",
  "12:00": "lunch",
  "13:00": "lunch",
  "14:00": "lunch",
  "15:00": "lunch",
  "16:00": "lunch",
  "pasta": "italian",
  "pesto": "italian",
  "ciabatta": "italian",
  "panini": "italian",
  "pita": "italian",
  "pizza": "italian",
  "gnocchi": "italian",
  "lasagna": "italian",
  "ravioli": "italian",
  "spaghetti": "italian",
  "carbonara": "italian",
  "risotto": "italian",
  "prosciutto": "italian",
  "burrata": "italian",
  "gorgonzola": "italian",
  "mascarpone": "italian",
  "ricotta": "italian",
  "panna cotta": "italian",
  "profiterole": "italian",
  "tiramisu": "italian",
  "cappuccino": "italian",
  "espresso": "italian",
  "tortellini": "italian",
  "sushi": "japanese",
  "ramen": "japanese",
  "unagi": "japanese",
  "tempura": "japanese",
  "kaiseki": "japanese",
  "soba": "japanese",
  "shabu - shabu": "japanese",
  "okonomiyaki": "japanese",
  "tonkatsu": "japanese",
  "yakitori": "japanese",
  "sake": "japanese",
  "izakaya": "japanese",
  "takoyaki": "japanese",
  "kare raisu": "japanese",
  "udon": "japanese",
  "monjayaki": "japanese",
  "gyuudon": "japanese",
  "kushiage": "japanese",
  "champon": "japanese",
  "teishoku": "japanese",
  "hambagu": "japanese",
  "yakiniku": "japanese",
  "kaisendon": "japanese",
  "tendon": "japanese",
  "motsunabe": "japanese",
  "teppanyaki": "japanese",
  "shojin": "japanese",
  "youshoku": "japanese",
  "tofu": "japanese",
  "sukiyaki": "japanese",
  "noodles": "asian",
  "fried rice": "asian",
  "spring rolls": "asian",
  "pecking duck": "asian",
  "local": "asian",
  "steamed vegetables": "asian",
  "dim sum": "asian",
  "pad thai": "asian",
  "curry": "asian",
  "vegetarian": "asian",
  "snacks": "western",
  "cake": "western",
  "steak": "western",
  "fries": "western",
  "chicken": "western",
  "ice cream": "western",
  "dessert": "western",
  "hamburger": "western",
  "burger": "western",
  "barbecue": "western",
  "hot dog": "western",
  "apple pie": "western",
  "pie": "western",
  "cakes": "western",
  "saint jacques": "french",
  "cheese": "french",
  "mussels": "french",
  "pancakes": "french",
  "onion soup": "french",
  "bread": "french",
  "croque monsieur": "french",
  "pot au feu": "french",
  "foie gras": "french",
  "mille - feuille": "french",
  "macaron": "french",
  "snails": "french",
  "cassoulet": "french",
  "coq au vin": "french",
  "pan bagnat": "french",
  "chocolate mousse": "french",
  "tartiflette": "french",
  "choucroute": "french",
  "ratatouille": "french",
  "sauteed frogs ' legs": "french",
  "roasted chicken": "french",
  "bouillabaisse": "french",
  "beer": "bar",
  "vodka": "bar",
  "margaritas": "bar",
  "manhattan": "bar",
  "gin and tonic": "bar",
  "martini": "bar",
  "white wine": "bar",
  "red wine": "bar",
  "wine": "bar",
  "champagne": "bar",
  "tequila": "bar",
  "cocktail": "bar",
  "mocktail": "bar",
  "whiskey": "bar",
  "gin": "bar",
  "mojito": "bar",
  "bloodymary": "bar",
  "pina colada": "bar",
  "drinks": "bar",
  "5am": "breakfast",
  "6am": "breakfast",
  "7am": "breakfast",
  "8am": "breakfast",
  "9am": "breakfast",
  "10am": "breakfast",
  "early today": "breakfast",
  "morning": "breakfast",
  "this morning": "breakfast",
  "5:00 am": "breakfast",
  "6:00 am": "breakfast",
  "7:00 am": "breakfast",
  "8:00 am": "breakfast",
  "9:00 am": "breakfast",
  "10:00 am": "breakfast",
  "around 5am": "breakfast",
  "around 6am": "breakfast",
  "around 7am": "breakfast",
  "around 8am": "breakfast",
  "around 9am": "breakfast",
  "around 10am": "breakfast",
  "5:00": "breakfast",
  "6:00": "breakfast",
  "7:00": "breakfast",
  "8:00": "breakfast",
  "9:00": "breakfast",
  "10:00": "breakfast",
  "central and western district": "location",
  "central": "location",
  "admiralty": "location",
  "mid-levels": "location",
  "soho": "location",
  "victoria peak": "location",
  "sai wan": "location",
  "kennedy town": "location",
  "sai ying pun": "location",
  "shek tong tsui": "location",
  "sheung wan": "location",
  "eastern district": "location",
  "fortress hill": "location",
  "tin hau": "location",
  "chai wan": "location",
  "heng fa chuen": "location",
  "north point": "location",
  "braemar hill": "location",
  "north point mid-levels": "location",
  "quarry bay": "location",
  "kornhill": "location",
  "taikoo shing": "location",
  "sai wan ho": "location",
  "shau kei wan": "location",
  "aldrich bay": "location",
  "siu sai wan": "location",
  "a kung ngam": "location",
  "southern district": "location",
  "aberdeen harbour": "location",
  "ap lei chau": "location",
  "chung hom kok": "location",
  "cyberport": "location",
  "telegraph bay": "location",
  "deep water bay": "location",
  "pok fu lam": "location",
  "sandy bay": "location",
  "wah fu": "location",
  "repulse bay": "location",
  "stanley": "location",
  "shek o": "location",
  "big wave bay beach": "location",
  "tai tam": "location",
  "wong chuk hang": "location",
  "nam long shan": "location",
  "ocean park hong kong": "location",
  "wan chai district": "location",
  "causeway bay": "location",
  "caroline hill": "location",
  "happy valley": "location",
  "jardine's lookout": "location",
  "tai hang": "location",
  "wan chai": "location",
  "kowloon city district": "location",
  "ho man tin": "location",
  "hung hom": "location",
  "whampoa garden": "location",
  "kowloon city": "location",
  "kowloon tong": "location",
  "kowloon tsai": "location",
  "ma tau kok": "location",
  "ma tau wai": "location",
  "to kwa wan": "location",
  "kwun tong district": "location",
  "cha kwo ling": "location",
  "kwun tong": "location",
  "lam tin": "location",
  "ngau tau kok": "location",
  "amoy garden": "location",
  "jordan valley": "location",
  "ping shek estate": "location",
  "shun chi court": "location",
  "shun lee estate": "location",
  "shun on estate": "location",
  "shun tin estate": "location",
  "kowloon bay": "location",
  "sau mau ping": "location",
  "yau tong": "location",
  "sham shui po district": "location",
  "cheung sha wan": "location",
  "lai chi kok station": "location",
  "lai chi kok": "location",
  "mei foo sun chuen": "location",
  "sham shui po": "location",
  "nam cheong estate": "location",
  "shek kip mei": "location",
  "stonecutters island": "location",
  "yau yat chuen": "location",
  "wong tai sin district": "location",
  "diamond hill": "location",
  "kowloon peak": "location",
  "ngau chi wan": "location",
  "choi hung estate": "location",
  "choi wan estate": "location",
  "fu shan estate": "location",
  "ngau chi wan village": "location",
  "san po kong": "location",
  "tsz wan shan": "location",
  "wang tau hom": "location",
  "lok fu": "location",
  "wong tai sin": "location",
  "tung tau estate": "location",
  "yau tsim mong district": "location",
  "mong kok": "location",
  "prince edward": "location",
  "tai kok tsui": "location",
  "olympian city": "location",
  "tsim sha tsui": "location",
  "tsim sha tsui east": "location",
  "yau ma tei": "location",
  "king's park": "location",
  "jordan": "location",
  "kwun chung": "location",
  "new territories": "location",
  "new kowloon": "location",
  "islands district": "location",
  "chek lap kok": "location",
  "cheung chau": "location",
  "lamma island": "location",
  "hung shing yeh beach": "location",
  "lo so shing": "location",
  "mo tat": "location",
  "pak kok": "location",
  "sham wan": "location",
  "sok kwu wan": "location",
  "tung o": "location",
  "yung shue ha": "location",
  "yung shue wan": "location",
  "lantau island": "location",
  "discovery bay": "location",
  "chi ma wan": "location",
  "mui wo": "location",
  "ngong ping": "location",
  "pui o": "location",
  "siu ho wan": "location",
  "tai o": "location",
  "tung chung": "location",
  "yam o": "location",
  "peng chau": "location",
  "kwai tsing district": "location",
  "kwai chung": "location",
  "kwai fong estate": "location",
  "kwai hing estate": "location",
  "lai king": "location",
  "tai wo hau estate": "location",
  "tsing yi": "location",
  "north district": "location",
  "closed area": "location",
  "fanling": "location",
  "kwan tei": "location",
  "kwu tung": "location",
  "lin ma hang": "location",
  "lo wu": "location",
  "man kam to": "location",
  "ping che": "location",
  "sha tau kok": "location",
  "sheung shui": "location",
  "ta kwu ling": "location",
  "sai kung district": "location",
  "clear water bay": "location",
  "hang hau village": "location",
  "mang kung uk": "location",
  "pik uk": "location",
  "po toi o": "location",
  "shui bin tsuen": "location",
  "ta ku ling san tsuen": "location",
  "tai au mun": "location",
  "tai po tsai": "location",
  "tseng lan shue": "location",
  "kau sai chau": "location",
  "kiu tsui chau": "location",
  "pak sha chau (sai kung)": "location",
  "sai kung": "location",
  "ho chung": "location",
  "leung shuen wan": "location",
  "marina cove": "location",
  "tui min hoi": "location",
  "yim tin tsai (sai kung)": "location",
  "tseung kwan o": "location",
  "hang hau": "location",
  "lohas park": "location",
  "metro city plaza": "location",
  "po lam": "location",
  "tiu keng leng": "location",
  "tseung kwan o industrial estate": "location",
  "fat tong chau": "location",
  "tung lung chau": "location",
  "yeung chau": "location",
  "sha tin district": "location",
  "fo tan": "location",
  "kau to shan": "location",
  "ma liu shui": "location",
  "chinese university of hong kong": "location",
  "ma on shan (area)": "location",
  "heng on estate": "location",
  "wu kai sha": "location",
  "pak shek kok": "location",
  "hong kong science park": "location",
  "sha tin": "location",
  "city one": "location",
  "hin keng estate": "location",
  "sha tin wai": "location",
  "shek mun": "location",
  "siu lek yuen": "location",
  "tai wai": "location",
  "yuen chau kok": "location",
  "tai po district": "location",
  "hoi ha wan": "location",
  "hong lok yuen": "location",
  "kei ling ha lo wai": "location",
  "lam tsuen": "location",
  "nai chung": "location",
  "pat sin leng": "location",
  "ping chau": "location",
  "plover cove": "location",
  "shap sze heung": "location",
  "tai po": "location",
  "tai po kau": "location",
  "tai po industrial estate": "location",
  "tai wo": "location",
  "ting kok": "location",
  "tung tsz": "location",
  "tsuen wan district": "location",
  "penny's bay": "location",
  "lo wai": "location",
  "ma wan": "location",
  "sham tseng": "location",
  "tsing lung tau": "location",
  "ting kau": "location",
  "tsuen wan": "location",
  "tuen mun district": "location",
  "fu tei": "location",
  "lung kwu tan": "location",
  "san hui": "location",
  "siu lam": "location",
  "so kwun wat": "location",
  "hong kong gold coast": "location",
  "tai lam chung": "location",
  "tuen mun": "location",
  "siu hong court": "location",
  "yuen long district": "location",
  "kam tin": "location",
  "pat heung": "location",
  "shek kong": "location",
  "san tin": "location",
  "lok ma chau": "location",
  "mai po": "location",
  "tin shui wai": "location",
  "yuen long": "location",
  "au tau": "location",
  "ha tsuen": "location",
  "lau fau shan": "location",
  "ping shan": "location",
  "shap pat heung": "location",
  "tai tong": "location",
  "yuen long town": "location",
  "long ping estate": "location",
  "aloo tikki": "indian",
  "samosas": "indian",
  "raita": "indian",
  "momos": "indian",
  "pakora": "indian",
  "palak paneer": "indian",
  "chana dal": "indian",
  "aloo gobi": "indian",
  "tandoori chicken": "indian",
  "chicken tikka masala": "indian",
  "butter chichen": "indian",
  "lamb rogan josh": "indian",
  "chicken vindaloo": "indian",
  "chicken korma": "indian",
  "chicken jalfrezi": "indian",
  "biryani": "indian",
  "naan": "indian",
  "roti": "indian",
  "rice kheer": "indian",
  "kulfi": "indian",
  "mango lassi": "indian",
  "masala chai": "indian",
  "pani puri": "indian",
  "jalebii": "indian",
  "baingan bharta": "indian",
  "dosa": "indian",
  "bhelpuri": "indian",
  "papri chaat": "indian",
  "moderately": "moderate",
  "nort": "north",
  "lunc": "lunch",
  "india": "indian",
  "evenin": "dinner",
  "no": "now",
  "chines": "chinese",
  "asian oriental": "asian",
  "expensiv": "expensive",
  "dinne": "dinner",
  "eight": "8",
  "six": "6",
  "moderate": "mid",
  "two": "2",
  "four": "4",
  "expensive": "hi",
  "dace fish b": "singaporean",
  "udon nea": "japanese",
  "spaghet": "italian",
  "saturday": "saturday",
  "ramen ne": "japanese",
  "cheap offers": "cheap offers?",
  "now": "now",
  "indian": "indian",
  "chinese": "chinese",
  "veitnamese": "vietnamese",
  "western": "western",
  "japanese": "japanese",
  "italian": "italian",
  "korean": "korean",
  "spanish": "spanish",
  "european": "european",
  "pastas": "italian",
  "pizzas": "italian",
  "dinner": "dinner",
  "asian": "asian",
  "korean bbq": "korean",
  "bar": "bar",
  "cantonese": "cantonese",
  "french": "french",
  "singaporean": "singaporean",
  "guangdong": "guangdong",
  "taiwanese": "taiwanese",
  "american": "american",
  "scottish": "scottish",
  "russian": "russian",
  "canadian": "canadian",
  "jewish": "jewish",
  "cuban": "cuban",
  "swedish": "swedish",
  "mexican": "mexican",
  "german": "german",
  "polish": "polish",
  "hawaiian": "hawaiian",
  "brazilian": "brazilian",
  "thai": "thai",
  "latvian": "latvian",
  "british": "british",
  "peruvian": "peruvian",
  "salvadorian": "salvadorian",
  "egyptian": "egyptian",
  "greek": "greek",
  "belgian": "belgian",
  "welsh": "welsh",
  "portuguese": "portuguese",
  "turkish": "turkish",
  "haitian": "haitian",
  "hong kong": "hong kong",
  "irish": "irish",
  "tahitian": "tahitian",
  "libyan": "libyan",
  "kenyan": "kenyan",
  "nigerian": "nigerian",
  "mormon": "mormon",
  "cajun": "cajun",
  "algerian": "algerian",
  "tibetan": "tibetan"
}